día,precio de cierre ajustado,cambio de precio,dia,precio final,cambio,mes,dia,precio final,cambio,,,,día,precio de cierre,cambio de precio
1,1342.1,0,2,1332.8,-9.3,0,1,1342.1,-9.3,,,,2,1332.8,-9.3
2,1332.8,-9.3,20,1320.3,4,1,28,1311.3,-0.7,,,,200,1286.2,-2.9
3,1335.8,3,40,1303.3,-0.4,2,56,1275.6,-0.6,,,,400,1493.2,6.2
4,1324.3,-11.5,60,1265.6,-1.8,3,84,1221.3,-1.3,,,,600,1985,48
5,1331.9,7.6,80,1223.9,-0.1,4,112,1193.6,-4.3,,,,800,1871.2,-36.3
6,1336.3,4.4,100,1192.6,5.8,5,140,1223.7,-3.6,,,,1000,1928.2,-13.9
7,1342,5.7,120,1202.2,5.4,6,168,1211.2,-9,,,,1200,1852.8,13.1
8,1356.5,14.5,140,1223.7,-3.6,7,196,1289.3,6.1,,,,,,
9,1338.4,-18.1,160,1207.9,8.7,8,224,1340.1,22,,,,,,
10,1344.8,6.4,,,,9,252,1288.4,-4.6,,,,,,
11,1347.5,2.7,,,,10,280,1285.7,2.2,,,,,,
12,1347.2,-0.3,,,,11,308,1392.9,48.3,,,,,,
13,1351.2,4,,,,12,336,1426.1,-3.6,,,,,,
14,1346.8,-4.4,,,,13,364,1490.3,-11.9,,,,,,
15,1336.7,-10.1,,,,14,392,1488.2,-4.1,,,,,,
16,1322.5,-14.2,,,,15,420,1453.4,-6.4,,,,,,
17,1331.4,8.9,,,,16,448,1551.7,-5.7,,,,,,
18,1321.2,-10.2,,,,17,476,1616.6,9.1,,,,,,
19,1316.3,-4.9,,,,18,504,1583.4,-38.6,,,,,,
20,1320.3,4,,,,19,532,1695.3,-14.6,,,,,,
21,1316.2,-4.1,,,,20,560,1745.9,21.1,,,,,,
22,1303.8,-12.4,,,,21,588,1942.3,-11.2,,,,,,
23,1302.6,-1.2,,,,22,616,1944.7,11.7,,,,,,
24,1310.7,8.1,,,,23,644,1906.4,5.6,,,,,,
25,1312.7,2,,,,24,672,1781.9,-23.8,,,,,,
26,1312.2,-0.5,,,,25,700,1834.1,-78.2,,,,,,
27,1312,-0.2,,,,26,728,1775.8,,,,,,,
28,1311.3,-0.7,,,,27,756,1713.8,,,,,,,
29,1320.8,9.5,,,,28,784,1835.9,,,,,,,
30,1319,-1.8,,,,29,812,1767.9,,,,,,,
31,1316.5,-2.5,,,,30,840,1812.6,,,,,,,
32,1288.9,-27.6,,,,31,868,1797.4,,,,,,,
33,1290.2,1.3,,,,32,896,1769.7,,,,,,,
34,1288.2,-2,,,,33,924,1782.3,,,,,,,
35,1290.2,2,,,,34,952,1797,,,,,,,
36,1290.2,0,,,,35,980,1900.7,,,,,,,
37,1291.7,1.5,,,,36,1008,1912,,,,,,,
38,1289.3,-2.4,,,,37,1036,1839.9,,,,,,,
39,1303.7,14.4,,,,38,1064,1834.6,,,,,,,
40,1303.3,-0.4,,,,39,1092,1769,,,,,,,
41,1298.7,-4.6,,,,40,1120,1716.2,,,,,,,
42,1301.5,2.8,,,,41,1148,1627.5,,,,,,,
43,1300.1,-1.4,,,,42,1176,1748.4,,,,,,,
44,1294.8,-5.3,,,,43,1204,1871.6,,,,,,,
45,1293.1,-1.7,,,,44,1232,1833,,,,,,,
46,1297.5,4.4,,,,45,1260,1969,,,,,,,
47,1297.1,-0.4,,,,46,1288,2014.7,,,,,,,
48,1298.7,1.6,,,,47,1316,1912.7,,,,,,,
49,1298.1,-0.6,,,,48,1344,1937.4,,,,,,,
50,1298.9,0.8,,,,,,,,,,,,,
51,1295.1,-3.8,,,,,,,,,,,,,
52,1296.9,1.8,,,,,,,,,,,,,
53,1304,7.1,,,,,,,,,,,,,
54,1274.6,-29.4,,,,,,,,,,,,,
55,1276.2,1.6,,,,,,,,,,,,,
56,1275.6,-0.6,,,,,,,,,,,,,
57,1271.2,-4.4,,,,,,,,,,,,,
58,1267.2,-4,,,,,,,,,,,,,
59,1267.4,0.2,,,,,,,,,,,,,
60,1265.6,-1.8,,,,,,,,,,,,,
61,1256.6,-9,,,,,,,,,,,,,
62,1252.8,-3.8,,,,,,,,,,,,,
63,1247.8,-5,,,,,,,,,,,,,
64,1251.3,3.5,,,,,,,,,,,,,
65,1239.8,-11.5,,,,,,,,,,,,,
66,1251.6,11.8,,,,,,,,,,,,,
67,1257.3,5.7,,,,,,,,,,,,,
68,1254.3,-3,,,,,,,,,,,,,
69,1258.1,3.8,,,,,,,,,,,,,
70,1253.8,-4.3,,,,,,,,,,,,,
71,1242.8,-11,,,,,,,,,,,,,
72,1245,2.2,,,,,,,,,,,,,
73,1239.6,-5.4,,,,,,,,,,,,,
74,1238.1,-1.5,,,,,,,,,,,,,
75,1225.7,-12.4,,,,,,,,,,,,,
76,1226.3,0.6,,,,,,,,,,,,,
77,1222.4,-3.9,,,,,,,,,,,,,
78,1229.5,7.1,,,,,,,,,,,,,
79,1224,-5.5,,,,,,,,,,,,,
80,1223.9,-0.1,,,,,,,,,,,,,
81,1231.4,7.5,,,,,,,,,,,,,
82,1225.3,-6.1,,,,,,,,,,,,,
83,1222.6,-2.7,,,,,,,,,,,,,
84,1221.3,-1.3,,,,,,,,,,,,,
85,1223.7,2.4,,,,,,,,,,,,,
86,1217.9,-5.8,,,,,,,,,,,,,
87,1210.6,-7.3,,,,,,,,,,,,,
88,1214.2,3.6,,,,,,,,,,,,,
89,1208.6,-5.6,,,,,,,,,,,,,
90,1209.6,1,,,,,,,,,,,,,
91,1212.6,3,,,,,,,,,,,,,
92,1211.9,-0.7,,,,,,,,,,,,,
93,1211.1,-0.8,,,,,,,,,,,,,
94,1191.3,-19.8,,,,,,,,,,,,,
95,1193,1.7,,,,,,,,,,,,,
96,1177.5,-15.5,,,,,,,,,,,,,
97,1176.2,-1.3,,,,,,,,,,,,,
98,1176.5,0.3,,,,,,,,,,,,,
99,1186.8,10.3,,,,,,,,,,,,,
100,1192.6,5.8,,,,,,,,,,,,,
101,1196.3,3.7,,,,,,,,,,,,,
102,1187,-9.3,,,,,,,,,,,,,
103,1206.3,19.3,,,,,,,,,,,,,
104,1209,2.7,,,,,,,,,,,,,
105,1207.4,-1.6,,,,,,,,,,,,,
106,1204.5,-2.9,,,,,,,,,,,,,
107,1197.7,-6.8,,,,,,,,,,,,,
108,1200.3,2.6,,,,,,,,,,,,,
109,1192.7,-7.6,,,,,,,,,,,,,
110,1194.9,2.2,,,,,,,,,,,,,
111,1197.9,3,,,,,,,,,,,,,
112,1193.6,-4.3,,,,,,,,,,,,,
113,1193,-0.6,,,,,,,,,,,,,
114,1195.4,2.4,,,,,,,,,,,,,
115,1204.7,9.3,,,,,,,,,,,,,
116,1202,-2.7,,,,,,,,,,,,,
117,1195,-7,,,,,,,,,,,,,
118,1199.7,4.7,,,,,,,,,,,,,
119,1196.8,-2.9,,,,,,,,,,,,,
120,1202.2,5.4,,,,,,,,,,,,,
121,1206.2,4,,,,,,,,,,,,,
122,1196.2,-10,,,,,,,,,,,,,
123,1199.3,3.1,,,,,,,,,,,,,
124,1200,0.7,,,,,,,,,,,,,
125,1194,-6,,,,,,,,,,,,,
126,1182.3,-11.7,,,,,,,,,,,,,
127,1191.5,9.2,,,,,,,,,,,,,
128,1187.1,-4.4,,,,,,,,,,,,,
129,1202.4,15.3,,,,,,,,,,,,,
130,1198.3,-4.1,,,,,,,,,,,,,
131,1197.2,-1.1,,,,,,,,,,,,,
132,1201.2,4,,,,,,,,,,,,,
133,1184.4,-16.8,,,,,,,,,,,,,
134,1187.2,2.8,,,,,,,,,,,,,
135,1189.3,2.1,,,,,,,,,,,,,
136,1223.5,34.2,,,,,,,,,,,,,
137,1218.1,-5.4,,,,,,,,,,,,,
138,1226.4,8.3,,,,,,,,,,,,,
139,1227.3,0.9,,,,,,,,,,,,,
140,1223.7,-3.6,,,,,,,,,,,,,
141,1226.5,2.8,,,,,,,,,,,,,
142,1225.3,-1.2,,,,,,,,,,,,,
143,1221.2,-4.1,,,,,,,,,,,,,
144,1233.4,12.2,,,,,,,,,,,,,
145,1227.8,-5.6,,,,,,,,,,,,,
146,1229.1,1.3,,,,,,,,,,,,,
147,1232.5,3.4,,,,,,,,,,,,,
148,1224.5,-8,,,,,,,,,,,,,
149,1222.6,-1.9,,,,,,,,,,,,,
150,1212.3,-10.3,,,,,,,,,,,,,
151,1236,23.7,,,,,,,,,,,,,
152,1230.9,-5.1,,,,,,,,,,,,,
153,1229.8,-1.1,,,,,,,,,,,,,
154,1223.8,-6,,,,,,,,,,,,,
155,1226.2,2.4,,,,,,,,,,,,,
156,1222.9,-3.3,,,,,,,,,,,,,
157,1206.4,-16.5,,,,,,,,,,,,,
158,1201.3,-5.1,,,,,,,,,,,,,
159,1199.2,-2.1,,,,,,,,,,,,,
160,1207.9,8.7,,,,,,,,,,,,,
161,1212.8,4.9,,,,,,,,,,,,,
162,1220.8,8,,,,,,,,,,,,,
163,1223.1,2.3,,,,,,,,,,,,,
164,1219,-4.1,,,,,,,,,,,,,
165,1225.8,6.8,,,,,,,,,,,,,
166,1221,-4.8,,,,,,,,,,,,,
167,1220.2,-0.8,,,,,,,,,,,,,
168,1211.2,-9,,,,,,,,,,,,,
169,1221.4,10.2,,,,,,,,,,,,,
170,1224.1,2.7,,,,,,,,,,,,,
171,1220.2,-3.9,,,,,,,,,,,,,
172,1233.9,13.7,,,,,,,,,,,,,
173,1241.1,7.2,,,,,,,,,,,,,
174,1238.1,-3,,,,,,,,,,,,,
175,1246.8,8.7,,,,,,,,,,,,,
176,1243.7,-3.1,,,,,,,,,,,,,
177,1241.9,-1.8,,,,,,,,,,,,,
178,1244.4,2.5,,,,,,,,,,,,,
179,1242.7,-1.7,,,,,,,,,,,,,
180,1237,-5.7,,,,,,,,,,,,,
181,1247.4,10.4,,,,,,,,,,,,,
182,1249.2,1.8,,,,,,,,,,,,,
183,1252.1,2.9,,,,,,,,,,,,,
184,1263.6,11.5,,,,,,,,,,,,,
185,1253.8,-9.8,,,,,,,,,,,,,
186,1267.5,13.7,,,,,,,,,,,,,
187,1269.2,1.7,,,,,,,,,,,,,
188,1277.3,8.1,,,,,,,,,,,,,
189,1279.9,2.6,,,,,,,,,,,,,
190,1278.3,-1.6,,,,,,,,,,,,,
191,1281,2.7,,,,,,,,,,,,,
192,1291.8,10.8,,,,,,,,,,,,,
193,1282.7,-9.1,,,,,,,,,,,,,
194,1286.8,4.1,,,,,,,,,,,,,
195,1283.2,-3.6,,,,,,,,,,,,,
196,1289.3,6.1,,,,,,,,,,,,,
197,1284.7,-4.6,,,,,,,,,,,,,
198,1287.1,2.4,,,,,,,,,,,,,
199,1289.1,2,,,,,,,,,,,,,
200,1286.2,-2.9,,,,,,,,,,,,,
201,1291.6,5.4,,,,,,,,,,,,,
202,1291,-0.6,,,,,,,,,,,,,
203,1281.3,-9.7,,,,,,,,,,,,,
204,1282.5,1.2,,,,,,,,,,,,,
205,1283.1,0.6,,,,,,,,,,,,,
206,1279.1,-4,,,,,,,,,,,,,
207,1297.4,18.3,,,,,,,,,,,,,
208,1302.4,5,,,,,,,,,,,,,
209,1308.2,5.8,,,,,,,,,,,,,
210,1309.9,1.7,,,,,,,,,,,,,
211,1319.7,9.8,,,,,,,,,,,,,
212,1316.9,-2.8,,,,,,,,,,,,,
213,1314.3,-2.6,,,,,,,,,,,,,
214,1314.2,-0.1,,,,,,,,,,,,,
215,1309.5,-4.7,,,,,,,,,,,,,
216,1309.4,-0.1,,,,,,,,,,,,,
217,1313.7,4.3,,,,,,,,,,,,,
218,1307,-6.7,,,,,,,,,,,,,
219,1309.2,2.2,,,,,,,,,,,,,
220,1310.8,1.6,,,,,,,,,,,,,
221,1309.8,-1,,,,,,,,,,,,,
222,1318.1,8.3,,,,,,,,,,,,,
223,1340.1,22,,,,,,,,,,,,,
224,1343.3,3.2,,,,,,,,,,,,,
225,1323.5,-19.8,,,,,,,,,,,,,
226,1329.2,5.7,,,,,,,,,,,,,
227,1325.9,-3.3,,,,,,,,,,,,,
228,1325.1,-0.8,,,,,,,,,,,,,
229,1317.7,-7.4,,,,,,,,,,,,,
230,1312.8,-4.9,,,,,,,,,,,,,
231,1296.4,-16.4,,,,,,,,,,,,,
232,1284.8,-11.6,,,,,,,,,,,,,
233,1282,-2.8,,,,,,,,,,,,,
234,1284.9,2.9,,,,,,,,,,,,,
235,1283.8,-1.1,,,,,,,,,,,,,
236,1297,13.2,,,,,,,,,,,,,
237,1288.8,-8.2,,,,,,,,,,,,,
238,1296.3,7.5,,,,,,,,,,,,,
239,1307.5,11.2,,,,,,,,,,,,,
240,1293.4,-14.1,,,,,,,,,,,,,
241,1301.8,8.4,,,,,,,,,,,,,
242,1300.3,-1.5,,,,,,,,,,,,,
243,1305,4.7,,,,,,,,,,,,,
244,1300.5,-4.5,,,,,,,,,,,,,
245,1306.1,5.6,,,,,,,,,,,,,
246,1311.6,5.5,,,,,,,,,,,,,
247,1321.9,10.3,,,,,,,,,,,,,
248,1314.3,-7.6,,,,,,,,,,,,,
249,1309.9,-4.4,,,,,,,,,,,,,
250,1289.8,-20.1,,,,,,,,,,,,,
251,1293,3.2,,,,,,,,,,,,,
252,1288.4,-4.6,,,,,,,,,,,,,
253,1290,1.6,,,,,,,,,,,,,
254,1289.9,-0.1,,,,,,,,,,,,,
255,1289,-0.9,,,,,,,,,,,,,
256,1290.4,1.4,,,,,,,,,,,,,
257,1297.1,6.7,,,,,,,,,,,,,
258,1303.5,6.4,,,,,,,,,,,,,
259,1309.1,5.6,,,,,,,,,,,,,
260,1288.6,-20.5,,,,,,,,,,,,,
261,1290.6,2,,,,,,,,,,,,,
262,1286.8,-3.8,,,,,,,,,,,,,
263,1272.6,-14.2,,,,,,,,,,,,,
264,1272.2,-0.4,,,,,,,,,,,,,
265,1271.9,-0.3,,,,,,,,,,,,,
266,1273.5,1.6,,,,,,,,,,,,,
267,1269.3,-4.2,,,,,,,,,,,,,
268,1275.5,6.2,,,,,,,,,,,,,
269,1275.8,0.3,,,,,,,,,,,,,
270,1284.9,9.1,,,,,,,,,,,,,
271,1278.6,-6.3,,,,,,,,,,,,,
272,1282.8,4.2,,,,,,,,,,,,,
273,1281.4,-1.4,,,,,,,,,,,,,
274,1269.7,-11.7,,,,,,,,,,,,,
275,1279.2,9.5,,,,,,,,,,,,,
276,1281.7,2.5,,,,,,,,,,,,,
277,1283.5,1.8,,,,,,,,,,,,,
278,1279.4,-4.1,,,,,,,,,,,,,
279,1283.5,4.1,,,,,,,,,,,,,
280,1285.7,2.2,,,,,,,,,,,,,
281,1300.1,14.4,,,,,,,,,,,,,
282,1294.7,-5.4,,,,,,,,,,,,,
283,1296.3,1.6,,,,,,,,,,,,,
284,1285,-11.3,,,,,,,,,,,,,
285,1274.5,-10.5,,,,,,,,,,,,,
286,1276.1,1.6,,,,,,,,,,,,,
287,1272,-4.1,,,,,,,,,,,,,
288,1273.6,1.6,,,,,,,,,,,,,
289,1284.8,11.2,,,,,,,,,,,,,
290,1283,-1.8,,,,,,,,,,,,,
291,1276.5,-6.5,,,,,,,,,,,,,
292,1280.6,4.1,,,,,,,,,,,,,
293,1287.1,6.5,,,,,,,,,,,,,
294,1305.8,18.7,,,,,,,,,,,,,
295,1322.7,16.9,,,,,,,,,,,,,
296,1323.4,0.7,,,,,,,,,,,,,
297,1328.3,4.9,,,,,,,,,,,,,
298,1337.6,9.3,,,,,,,,,,,,,
299,1341.2,3.6,,,,,,,,,,,,,
300,1324.7,-16.5,,,,,,,,,,,,,
301,1326.4,1.7,,,,,,,,,,,,,
302,1331.9,5.5,,,,,,,,,,,,,
303,1339.2,7.3,,,,,,,,,,,,,
304,1340.1,0.9,,,,,,,,,,,,,
305,1338.7,-1.4,,,,,,,,,,,,,
306,1346.6,7.9,,,,,,,,,,,,,
307,1344.6,-2,,,,,,,,,,,,,
308,1392.9,48.3,,,,,,,,,,,,,
309,1396.2,3.3,,,,,,,,,,,,,
310,1414.3,18.1,,,,,,,,,,,,,
311,1414.9,0.6,,,,,,,,,,,,,
312,1411.6,-3.3,,,,,,,,,,,,,
313,1408.4,-3.2,,,,,,,,,,,,,
314,1409.7,1.3,,,,,,,,,,,,,
315,1385.6,-24.1,,,,,,,,,,,,,
316,1404.6,19,,,,,,,,,,,,,
317,1417.7,13.1,,,,,,,,,,,,,
318,1396.7,-21,,,,,,,,,,,,,
319,1397,0.3,,,,,,,,,,,,,
320,1397.5,0.5,,,,,,,,,,,,,
321,1410.1,12.6,,,,,,,,,,,,,
322,1404.3,-5.8,,,,,,,,,,,,,
323,1409.9,5.6,,,,,,,,,,,,,
324,1411.4,1.5,,,,,,,,,,,,,
325,1409.2,-2.2,,,,,,,,,,,,,
326,1421.3,12.1,,,,,,,,,,,,,
327,1426.1,4.8,,,,,,,,,,,,,
328,1425.1,-1,,,,,,,,,,,,,
329,1425.3,0.2,,,,,,,,,,,,,
330,1420.1,-5.2,,,,,,,,,,,,,
331,1422.8,2.7,,,,,,,,,,,,,
332,1413.9,-8.9,,,,,,,,,,,,,
333,1418.5,4.6,,,,,,,,,,,,,
334,1419.6,1.1,,,,,,,,,,,,,
335,1429.7,10.1,,,,,,,,,,,,,
336,1426.1,-3.6,,,,,,,,,,,,,
337,1420.9,-5.2,,,,,,,,,,,,,
338,1445.6,24.7,,,,,,,,,,,,,
339,1464.6,19,,,,,,,,,,,,,
340,1472.4,7.8,,,,,,,,,,,,,
341,1507.3,34.9,,,,,,,,,,,,,
342,1497.7,-9.6,,,,,,,,,,,,,
343,1496.6,-1.1,,,,,,,,,,,,,
344,1505.3,8.7,,,,,,,,,,,,,
345,1502.2,-3.1,,,,,,,,,,,,,
346,1515.9,13.7,,,,,,,,,,,,,
347,1519.6,3.7,,,,,,,,,,,,,
348,1512.5,-7.1,,,,,,,,,,,,,
349,1500.4,-12.1,,,,,,,,,,,,,
350,1504.6,4.2,,,,,,,,,,,,,
351,1504.6,0,,,,,,,,,,,,,
352,1497.3,-7.3,,,,,,,,,,,,,
353,1526.6,29.3,,,,,,,,,,,,,
354,1526.3,-0.3,,,,,,,,,,,,,
355,1541,14.7,,,,,,,,,,,,,
356,1537.8,-3.2,,,,,,,,,,,,,
357,1526.5,-11.3,,,,,,,,,,,,,
358,1519.1,-7.4,,,,,,,,,,,,,
359,1545.9,26.8,,,,,,,,,,,,,
360,1550.3,4.4,,,,,,,,,,,,,
361,1515.4,-34.9,,,,,,,,,,,,,
362,1506.2,-9.2,,,,,,,,,,,,,
363,1502.2,-4,,,,,,,,,,,,,
364,1490.3,-11.9,,,,,,,,,,,,,
365,1494.4,4.1,,,,,,,,,,,,,
366,1498.7,4.3,,,,,,,,,,,,,
367,1490.9,-7.8,,,,,,,,,,,,,
368,1503.1,12.2,,,,,,,,,,,,,
369,1505.1,2,,,,,,,,,,,,,
370,1507.5,2.4,,,,,,,,,,,,,
371,1498.4,-9.1,,,,,,,,,,,,,
372,1507.3,8.9,,,,,,,,,,,,,
373,1523.7,16.4,,,,,,,,,,,,,
374,1532.1,8.4,,,,,,,,,,,,,
375,1504.6,-27.5,,,,,,,,,,,,,
376,1507.5,2.9,,,,,,,,,,,,,
377,1499.1,-8.4,,,,,,,,,,,,,
378,1465.7,-33.4,,,,,,,,,,,,,
379,1482,16.3,,,,,,,,,,,,,
380,1501,19,,,,,,,,,,,,,
381,1507.1,6.1,,,,,,,,,,,,,
382,1506.2,-0.9,,,,,,,,,,,,,
383,1497.7,-8.5,,,,,,,,,,,,,
384,1497.2,-0.5,,,,,,,,,,,,,
385,1506.1,8.9,,,,,,,,,,,,,
386,1494.8,-11.3,,,,,,,,,,,,,
387,1482.7,-12.1,,,,,,,,,,,,,
388,1491.7,9,,,,,,,,,,,,,
389,1477.6,-14.1,,,,,,,,,,,,,
390,1488,10.4,,,,,,,,,,,,,
391,1492.3,4.3,,,,,,,,,,,,,
392,1488.2,-4.1,,,,,,,,,,,,,
393,1482.4,-5.8,,,,,,,,,,,,,
394,1481.7,-0.7,,,,,,,,,,,,,
395,1489.9,8.2,,,,,,,,,,,,,
396,1498.9,9,,,,,,,,,,,,,
397,1499.5,0.6,,,,,,,,,,,,,
398,1490,-9.5,,,,,,,,,,,,,
399,1487,-3,,,,,,,,,,,,,
400,1493.2,6.2,,,,,,,,,,,,,
401,1511.4,18.2,,,,,,,,,,,,,
402,1508,-3.4,,,,,,,,,,,,,
403,1508,0,,,,,,,,,,,,,
404,1480.8,-27.2,,,,,,,,,,,,,
405,1490.2,9.4,,,,,,,,,,,,,
406,1464.2,-26,,,,,,,,,,,,,
407,1461.3,-2.9,,,,,,,,,,,,,
408,1455.5,-5.8,,,,,,,,,,,,,
409,1452.1,-3.4,,,,,,,,,,,,,
410,1461.7,9.6,,,,,,,,,,,,,
411,1471.8,10.1,,,,,,,,,,,,,
412,1467.3,-4.5,,,,,,,,,,,,,
413,1470.9,3.6,,,,,,,,,,,,,
414,1473.3,2.4,,,,,,,,,,,,,
415,1473.3,0,,,,,,,,,,,,,
416,1463.1,-10.2,,,,,,,,,,,,,
417,1463.1,0,,,,,,,,,,,,,
418,1456.6,-6.5,,,,,,,,,,,,,
419,1459.8,3.2,,,,,,,,,,,,,
420,1453.4,-6.4,,,,,,,,,,,,,
421,1465.6,12.2,,,,,,,,,,,,,
422,1462.3,-3.3,,,,,,,,,,,,,
423,1478.2,15.9,,,,,,,,,,,,,
424,1474,-4.2,,,,,,,,,,,,,
425,1476.9,2.9,,,,,,,,,,,,,
426,1459.1,-17.8,,,,,,,,,,,,,
427,1459.3,0.2,,,,,,,,,,,,,
428,1462.6,3.3,,,,,,,,,,,,,
429,1469.4,6.8,,,,,,,,,,,,,
430,1466.7,-2.7,,,,,,,,,,,,,
431,1475.6,8.9,,,,,,,,,,,,,
432,1475,-0.6,,,,,,,,,,,,,
433,1474.6,-0.4,,,,,,,,,,,,,
434,1472.6,-2,,,,,,,,,,,,,
435,1478.2,5.6,,,,,,,,,,,,,
436,1474.7,-3.5,,,,,,,,,,,,,
437,1482.5,7.8,,,,,,,,,,,,,
438,1499.1,16.6,,,,,,,,,,,,,
439,1509.3,10.2,,,,,,,,,,,,,
440,1513.8,4.5,,,,,,,,,,,,,
441,1514.5,0.7,,,,,,,,,,,,,
442,1519.5,5,,,,,,,,,,,,,
443,1524.5,5,,,,,,,,,,,,,
444,1549.2,24.7,,,,,,,,,,,,,
445,1566.2,17,,,,,,,,,,,,,
446,1571.8,5.6,,,,,,,,,,,,,
447,1557.4,-14.4,,,,,,,,,,,,,
448,1551.7,-5.7,,,,,,,,,,,,,
449,1557.5,5.8,,,,,,,,,,,,,
450,1548.4,-9.1,,,,,,,,,,,,,
451,1542.4,-6,,,,,,,,,,,,,
452,1552.1,9.7,,,,,,,,,,,,,
453,1549,-3.1,,,,,,,,,,,,,
454,1558.8,9.8,,,,,,,,,,,,,
455,1556.4,-2.4,,,,,,,,,,,,,
456,1555.3,-1.1,,,,,,,,,,,,,
457,1564.6,9.3,,,,,,,,,,,,,
458,1571.1,6.5,,,,,,,,,,,,,
459,1576.8,5.7,,,,,,,,,,,,,
460,1569.2,-7.6,,,,,,,,,,,,,
461,1569.8,0.6,,,,,,,,,,,,,
462,1583.5,13.7,,,,,,,,,,,,,
463,1582.9,-0.6,,,,,,,,,,,,,
464,1577.2,-5.7,,,,,,,,,,,,,
465,1550.4,-26.8,,,,,,,,,,,,,
466,1557.8,7.4,,,,,,,,,,,,,
467,1565.1,7.3,,,,,,,,,,,,,
468,1568.6,3.5,,,,,,,,,,,,,
469,1574.7,6.1,,,,,,,,,,,,,
470,1565.6,-9.1,,,,,,,,,,,,,
471,1567.4,1.8,,,,,,,,,,,,,
472,1575.1,7.7,,,,,,,,,,,,,
473,1582.7,7.6,,,,,,,,,,,,,
474,1600,17.3,,,,,,,,,,,,,
475,1607.5,7.5,,,,,,,,,,,,,
476,1616.6,9.1,,,,,,,,,,,,,
477,1644.6,28,,,,,,,,,,,,,
478,1672.4,27.8,,,,,,,,,,,,,
479,1646.9,-25.5,,,,,,,,,,,,,
480,1640,-6.9,,,,,,,,,,,,,
481,1640,0,,,,,,,,,,,,,
482,1564.1,-75.9,,,,,,,,,,,,,
483,1592.3,28.2,,,,,,,,,,,,,
484,1642.1,49.8,,,,,,,,,,,,,
485,1641.1,-1,,,,,,,,,,,,,
486,1666.4,25.3,,,,,,,,,,,,,
487,1670.8,4.4,,,,,,,,,,,,,
488,1674.5,3.7,,,,,,,,,,,,,
489,1659.1,-15.4,,,,,,,,,,,,,
490,1641.4,-17.7,,,,,,,,,,,,,
491,1589.3,-52.1,,,,,,,,,,,,,
492,1515.7,-73.6,,,,,,,,,,,,,
493,1485.9,-29.8,,,,,,,,,,,,,
494,1524.9,39,,,,,,,,,,,,,
495,1477.3,-47.6,,,,,,,,,,,,,
496,1478.6,1.3,,,,,,,,,,,,,
497,1484,5.4,,,,,,,,,,,,,
498,1567,83,,,,,,,,,,,,,
499,1660.2,93.2,,,,,,,,,,,,,
500,1632.3,-27.9,,,,,,,,,,,,,
501,1650.1,17.8,,,,,,,,,,,,,
502,1623.9,-26.2,,,,,,,,,,,,,
503,1622,-1.9,,,,,,,,,,,,,
504,1583.4,-38.6,,,,,,,,,,,,,
505,1578.2,-5.2,,,,,,,,,,,,,
506,1625.7,47.5,,,,,,,,,,,,,
507,1633.7,8,,,,,,,,,,,,,
508,1677,43.3,,,,,,,,,,,,,
509,1664.8,-12.2,,,,,,,,,,,,,
510,1665.4,0.6,,,,,,,,,,,,,
511,1736.2,70.8,,,,,,,,,,,,,
512,1744.8,8.6,,,,,,,,,,,,,
513,1756.7,11.9,,,,,,,,,,,,,
514,1727.2,-29.5,,,,,,,,,,,,,
515,1720.4,-6.8,,,,,,,,,,,,,
516,1689.2,-31.2,,,,,,,,,,,,,
517,1701.6,12.4,,,,,,,,,,,,,
518,1678.2,-23.4,,,,,,,,,,,,,
519,1728.7,50.5,,,,,,,,,,,,,
520,1733.3,4.6,,,,,,,,,,,,,
521,1723.5,-9.8,,,,,,,,,,,,,
522,1711.9,-11.6,,,,,,,,,,,,,
523,1710.5,-1.4,,,,,,,,,,,,,
524,1703.4,-7.1,,,,,,,,,,,,,
525,1684.2,-19.2,,,,,,,,,,,,,
526,1694.5,10.3,,,,,,,,,,,,,
527,1706.9,12.4,,,,,,,,,,,,,
528,1704.4,-2.5,,,,,,,,,,,,,
529,1684.2,-20.2,,,,,,,,,,,,,
530,1721.8,37.6,,,,,,,,,,,,,
531,1709.9,-11.9,,,,,,,,,,,,,
532,1695.3,-14.6,,,,,,,,,,,,,
533,1704.4,9.1,,,,,,,,,,,,,
534,1713.9,9.5,,,,,,,,,,,,,
535,1738.1,24.2,,,,,,,,,,,,,
536,1753.4,15.3,,,,,,,,,,,,,
537,1731.8,-21.6,,,,,,,,,,,,,
538,1744.2,12.4,,,,,,,,,,,,,
539,1750.6,6.4,,,,,,,,,,,,,
540,1720.5,-30.1,,,,,,,,,,,,,
541,1734.6,14.1,,,,,,,,,,,,,
542,1704.8,-29.8,,,,,,,,,,,,,
543,1710.3,5.5,,,,,,,,,,,,,
544,1713.3,3,,,,,,,,,,,,,
545,1736.9,23.6,,,,,,,,,,,,,
546,1737.8,0.9,,,,,,,,,,,,,
547,1725.2,-12.6,,,,,,,,,,,,,
548,1697.8,-27.4,,,,,,,,,,,,,
549,1718.9,21.1,,,,,,,,,,,,,
550,1676.2,-42.7,,,,,,,,,,,,,
551,1698.3,22.1,,,,,,,,,,,,,
552,1714.7,16.4,,,,,,,,,,,,,
553,1713.3,-1.4,,,,,,,,,,,,,
554,1732,18.7,,,,,,,,,,,,,
555,1729.3,-2.7,,,,,,,,,,,,,
556,1720.3,-9,,,,,,,,,,,,,
557,1729.6,9.3,,,,,,,,,,,,,
558,1729.2,-0.4,,,,,,,,,,,,,
559,1724.8,-4.4,,,,,,,,,,,,,
560,1745.9,21.1,,,,,,,,,,,,,
561,1756.7,10.8,,,,,,,,,,,,,
562,1772.1,15.4,,,,,,,,,,,,,
563,1765.8,-6.3,,,,,,,,,,,,,
564,1762.1,-3.7,,,,,,,,,,,,,
565,1772.5,10.4,,,,,,,,,,,,,
566,1774.8,2.3,,,,,,,,,,,,,
567,1793,18.2,,,,,,,,,,,,,
568,1773.2,-19.8,,,,,,,,,,,,,
569,1784,10.8,,,,,,,,,,,,,
570,1788.5,4.5,,,,,,,,,,,,,
571,1804.2,15.7,,,,,,,,,,,,,
572,1815.5,11.3,,,,,,,,,,,,,
573,1799.2,-16.3,,,,,,,,,,,,,
574,1798.2,-1,,,,,,,,,,,,,
575,1811,12.8,,,,,,,,,,,,,
576,1810.6,-0.4,,,,,,,,,,,,,
577,1811.4,0.8,,,,,,,,,,,,,
578,1798.7,-12.7,,,,,,,,,,,,,
579,1808.3,9.6,,,,,,,,,,,,,
580,1815.9,7.6,,,,,,,,,,,,,
581,1842.4,26.5,,,,,,,,,,,,,
582,1864.1,21.7,,,,,,,,,,,,,
583,1889.1,25,,,,,,,,,,,,,
584,1897.3,8.2,,,,,,,,,,,,,
585,1931,33.7,,,,,,,,,,,,,
586,1944.7,13.7,,,,,,,,,,,,,
587,1953.5,8.8,,,,,,,,,,,,,
588,1942.3,-11.2,,,,,,,,,,,,,
589,1962.8,20.5,,,,,,,,,,,,,
590,1966,3.2,,,,,,,,,,,,,
591,2001.2,35.2,,,,,,,,,,,,,
592,2031.1,29.9,,,,,,,,,,,,,
593,2051.5,20.4,,,,,,,,,,,,,
594,2010.1,-41.4,,,,,,,,,,,,,
595,2024.4,14.3,,,,,,,,,,,,,
596,1932.6,-91.8,,,,,,,,,,,,,
597,1934.9,2.3,,,,,,,,,,,,,
598,1956.7,21.8,,,,,,,,,,,,,
599,1937,-19.7,,,,,,,,,,,,,
600,1985,48,,,,,,,,,,,,,
601,1999.4,14.4,,,,,,,,,,,,,
602,1958.7,-40.7,,,,,,,,,,,,,
603,1933.8,-24.9,,,,,,,,,,,,,
604,1934.6,0.8,,,,,,,,,,,,,
605,1927.7,-6.9,,,,,,,,,,,,,
606,1911.8,-15.9,,,,,,,,,,,,,
607,1940.7,28.9,,,,,,,,,,,,,
608,1921.6,-19.1,,,,,,,,,,,,,
609,1964.6,43,,,,,,,,,,,,,
610,1967.6,3,,,,,,,,,,,,,
611,1968.2,0.6,,,,,,,,,,,,,
612,1934.4,-33.8,,,,,,,,,,,,,
613,1927.6,-6.8,,,,,,,,,,,,,
614,1923.9,-3.7,,,,,,,,,,,,,
615,1933,9.1,,,,,,,,,,,,,
616,1944.7,11.7,,,,,,,,,,,,,
617,1954.2,9.5,,,,,,,,,,,,,
618,1937.8,-16.4,,,,,,,,,,,,,
619,1953.1,15.3,,,,,,,,,,,,,
620,1956.3,3.2,,,,,,,,,,,,,
621,1960.2,3.9,,,,,,,,,,,,,
622,1940,-20.2,,,,,,,,,,,,,
623,1952.1,12.1,,,,,,,,,,,,,
624,1901.2,-50.9,,,,,,,,,,,,,
625,1898.6,-2.6,,,,,,,,,,,,,
626,1859.9,-38.7,,,,,,,,,,,,,
627,1868.3,8.4,,,,,,,,,,,,,
628,1857.7,-10.6,,,,,,,,,,,,,
629,1872.8,15.1,,,,,,,,,,,,,
630,1894.3,21.5,,,,,,,,,,,,,
631,1887.5,-6.8,,,,,,,,,,,,,
632,1908.4,20.9,,,,,,,,,,,,,
633,1900.2,-8.2,,,,,,,,,,,,,
634,1912.5,12.3,,,,,,,,,,,,,
635,1901.1,-11.4,,,,,,,,,,,,,
636,1883.6,-17.5,,,,,,,,,,,,,
637,1888.6,5,,,,,,,,,,,,,
638,1919.5,30.9,,,,,,,,,,,,,
639,1922.5,3,,,,,,,,,,,,,
640,1888.5,-34,,,,,,,,,,,,,
641,1901.3,12.8,,,,,,,,,,,,,
642,1903.2,1.9,,,,,,,,,,,,,
643,1900.8,-2.4,,,,,,,,,,,,,
644,1906.4,5.6,,,,,,,,,,,,,
645,1910.4,4,,,,,,,,,,,,,
646,1924.6,14.2,,,,,,,,,,,,,
647,1901.1,-23.5,,,,,,,,,,,,,
648,1902,0.9,,,,,,,,,,,,,
649,1902.7,0.7,,,,,,,,,,,,,
650,1908.8,6.1,,,,,,,,,,,,,
651,1876.2,-32.6,,,,,,,,,,,,,
652,1865.6,-10.6,,,,,,,,,,,,,
653,1877.4,11.8,,,,,,,,,,,,,
654,1890.4,13,,,,,,,,,,,,,
655,1908.5,18.1,,,,,,,,,,,,,
656,1894.6,-13.9,,,,,,,,,,,,,
657,1945.3,50.7,,,,,,,,,,,,,
658,1950.3,5,,,,,,,,,,,,,
659,1853.2,-97.1,,,,,,,,,,,,,
660,1875.4,22.2,,,,,,,,,,,,,
661,1860.7,-14.7,,,,,,,,,,,,,
662,1872.6,11.9,,,,,,,,,,,,,
663,1885.7,13.1,,,,,,,,,,,,,
664,1887.3,1.6,,,,,,,,,,,,,
665,1884.5,-2.8,,,,,,,,,,,,,
666,1873.5,-11,,,,,,,,,,,,,
667,1861.1,-12.4,,,,,,,,,,,,,
668,1872.6,11.5,,,,,,,,,,,,,
669,1837.8,-34.8,,,,,,,,,,,,,
670,1804.8,-33,,,,,,,,,,,,,
671,1805.7,0.9,,,,,,,,,,,,,
672,1781.9,-23.8,,,,,,,,,,,,,
673,1775.7,-6.2,,,,,,,,,,,,,
674,1814.1,38.4,,,,,,,,,,,,,
675,1825.7,11.6,,,,,,,,,,,,,
676,1836.8,11.1,,,,,,,,,,,,,
677,1835.9,-0.9,,,,,,,,,,,,,
678,1861.8,25.9,,,,,,,,,,,,,
679,1870.8,9,,,,,,,,,,,,,
680,1834.6,-36.2,,,,,,,,,,,,,
681,1833.6,-1,,,,,,,,,,,,,
682,1839.8,6.2,,,,,,,,,,,,,
683,1828.7,-11.1,,,,,,,,,,,,,
684,1852.3,23.6,,,,,,,,,,,,,
685,1856.1,3.8,,,,,,,,,,,,,
686,1887.2,31.1,,,,,,,,,,,,,
687,1885.7,-1.5,,,,,,,,,,,,,
688,1879.2,-6.5,,,,,,,,,,,,,
689,1866.6,-12.6,,,,,,,,,,,,,
690,1874.7,8.1,,,,,,,,,,,,,
691,1879.9,5.2,,,,,,,,,,,,,
692,1877.2,-2.7,,,,,,,,,,,,,
693,1879.7,2.5,,,,,,,,,,,,,
694,1891,11.3,,,,,,,,,,,,,
695,1893.1,2.1,,,,,,,,,,,,,
696,1944.7,51.6,,,,,,,,,,,,,
697,1952.7,8,,,,,,,,,,,,,
698,1906.9,-45.8,,,,,,,,,,,,,
699,1912.3,5.4,,,,,,,,,,,,,
700,1834.1,-78.2,,,,,,,,,,,,,
701,1849.6,15.5,,,,,,,,,,,,,
702,1842.9,-6.7,,,,,,,,,,,,,
703,1853.6,10.7,,,,,,,,,,,,,
704,1850.3,-3.3,,,,,,,,,,,,,
705,1829.3,-21,,,,,,,,,,,,,
706,1839.5,10.2,,,,,,,,,,,,,
707,1865.9,26.4,,,,,,,,,,,,,
708,1865.3,-0.6,,,,,,,,,,,,,
709,1855.7,-9.6,,,,,,,,,,,,,
710,1854.9,-0.8,,,,,,,,,,,,,
711,1850.7,-4.2,,,,,,,,,,,,,
712,1844.9,-5.8,,,,,,,,,,,,,
713,1837.9,-7,,,,,,,,,,,,,
714,1847.3,9.4,,,,,,,,,,,,,
715,1860.8,13.5,,,,,,,,,,,,,
716,1830.5,-30.3,,,,,,,,,,,,,
717,1832.2,1.7,,,,,,,,,,,,,
718,1788.9,-43.3,,,,,,,,,,,,,
719,1810.9,22,,,,,,,,,,,,,
720,1831.9,21,,,,,,,,,,,,,
721,1835.3,3.4,,,,,,,,,,,,,
722,1840.6,5.3,,,,,,,,,,,,,
723,1824.9,-15.7,,,,,,,,,,,,,
724,1821.6,-3.3,,,,,,,,,,,,,
725,1797.2,-24.4,,,,,,,,,,,,,
726,1771.1,-26.1,,,,,,,,,,,,,
727,1773.4,2.3,,,,,,,,,,,,,
728,1775.8,2.4,,,,,,,,,,,,,
729,1806.7,30.9,,,,,,,,,,,,,
730,1804.4,-2.3,,,,,,,,,,,,,
731,1796.4,-8,,,,,,,,,,,,,
732,1774.4,-22,,,,,,,,,,,,,
733,1728.1,-46.3,,,,,,,,,,,,,
734,1722.5,-5.6,,,,,,,,,,,,,
735,1733.1,10.6,,,,,,,,,,,,,
736,1715.3,-17.8,,,,,,,,,,,,,
737,1700.2,-15.1,,,,,,,,,,,,,
738,1698,-2.2,,,,,,,,,,,,,
739,1677.7,-20.3,,,,,,,,,,,,,
740,1716.6,38.9,,,,,,,,,,,,,
741,1721.5,4.9,,,,,,,,,,,,,
742,1722.3,0.8,,,,,,,,,,,,,
743,1719.5,-2.8,,,,,,,,,,,,,
744,1728.9,9.4,,,,,,,,,,,,,
745,1730.6,1.7,,,,,,,,,,,,,
746,1726.8,-3.8,,,,,,,,,,,,,
747,1732.2,5.4,,,,,,,,,,,,,
748,1741.4,9.2,,,,,,,,,,,,,
749,1737.8,-3.6,,,,,,,,,,,,,
750,1724.7,-13.1,,,,,,,,,,,,,
751,1732.9,8.2,,,,,,,,,,,,,
752,1724.9,-8,,,,,,,,,,,,,
753,1732.2,7.3,,,,,,,,,,,,,
754,1712.1,-20.1,,,,,,,,,,,,,
755,1683.9,-28.2,,,,,,,,,,,,,
756,1713.8,29.9,,,,,,,,,,,,,
757,1726.5,12.7,,,,,,,,,,,,,
758,1727,0.5,,,,,,,,,,,,,
759,1741.5,14.5,,,,,,,,,,,,,
760,1740.1,-1.4,,,,,,,,,,,,,
761,1756.8,16.7,,,,,,,,,,,,,
762,1743.3,-13.5,,,,,,,,,,,,,
763,1731.2,-12.1,,,,,,,,,,,,,
764,1746.2,15,,,,,,,,,,,,,
765,1734.9,-11.3,,,,,,,,,,,,,
766,1765.4,30.5,,,,,,,,,,,,,
767,1779,13.6,,,,,,,,,,,,,
768,1769.4,-9.6,,,,,,,,,,,,,
769,1777.3,7.9,,,,,,,,,,,,,
770,1792.3,15,,,,,,,,,,,,,
771,1781.2,-11.1,,,,,,,,,,,,,
772,1777,-4.2,,,,,,,,,,,,,
773,1779.2,2.2,,,,,,,,,,,,,
774,1778,-1.2,,,,,,,,,,,,,
775,1773.2,-4.8,,,,,,,,,,,,,
776,1768.1,-5.1,,,,,,,,,,,,,
777,1767.3,-0.8,,,,,,,,,,,,,
778,1791.4,24.1,,,,,,,,,,,,,
779,1775.8,-15.6,,,,,,,,,,,,,
780,1784.1,8.3,,,,,,,,,,,,,
781,1815.5,31.4,,,,,,,,,,,,,
782,1831.1,15.6,,,,,,,,,,,,,
783,1837.5,6.4,,,,,,,,,,,,,
784,1835.9,-1.6,,,,,,,,,,,,,
785,1822.6,-13.3,,,,,,,,,,,,,
786,1823.8,1.2,,,,,,,,,,,,,
787,1837.9,14.1,,,,,,,,,,,,,
788,1867.5,29.6,,,,,,,,,,,,,
789,1867.8,0.3,,,,,,,,,,,,,
790,1881.3,13.5,,,,,,,,,,,,,
791,1881.8,0.5,,,,,,,,,,,,,
792,1876.7,-5.1,,,,,,,,,,,,,
793,1884.6,7.9,,,,,,,,,,,,,
794,1898.1,13.5,,,,,,,,,,,,,
795,1901.3,3.2,,,,,,,,,,,,,
796,1895.7,-5.6,,,,,,,,,,,,,
797,1902.5,6.8,,,,,,,,,,,,,
798,1902.9,0.4,,,,,,,,,,,,,
799,1907.5,4.6,,,,,,,,,,,,,
800,1871.2,-36.3,,,,,,,,,,,,,
801,1889.8,18.6,,,,,,,,,,,,,
802,1896.8,7,,,,,,,,,,,,,
803,1892.2,-4.6,,,,,,,,,,,,,
804,1893.2,1,,,,,,,,,,,,,
805,1894.2,1,,,,,,,,,,,,,
806,1877.4,-16.8,,,,,,,,,,,,,
807,1864,-13.4,,,,,,,,,,,,,
808,1854.5,-9.5,,,,,,,,,,,,,
809,1859.5,5,,,,,,,,,,,,,
810,1773.8,-85.7,,,,,,,,,,,,,
811,1767.9,-5.9,,,,,,,,,,,,,
812,1781.8,13.9,,,,,,,,,,,,,
813,1776.3,-5.5,,,,,,,,,,,,,
814,1782.3,6,,,,,,,,,,,,,
815,1775.6,-6.7,,,,,,,,,,,,,
816,1776.6,1,,,,,,,,,,,,,
817,1779.6,3,,,,,,,,,,,,,
818,1762.8,-16.8,,,,,,,,,,,,,
819,1770.8,8,,,,,,,,,,,,,
820,1775.9,5.1,,,,,,,,,,,,,
821,1782.6,6.7,,,,,,,,,,,,,
822,1793.5,10.9,,,,,,,,,,,,,
823,1801.5,8,,,,,,,,,,,,,
824,1799.6,-1.9,,,,,,,,,,,,,
825,1810,10.4,,,,,,,,,,,,,
826,1805.5,-4.5,,,,,,,,,,,,,
827,1809.4,3.9,,,,,,,,,,,,,
828,1824.3,14.9,,,,,,,,,,,,,
829,1828.4,4.1,,,,,,,,,,,,,
830,1814.5,-13.9,,,,,,,,,,,,,
831,1808.7,-5.8,,,,,,,,,,,,,
832,1810.9,2.2,,,,,,,,,,,,,
833,1802.9,-8,,,,,,,,,,,,,
834,1805,2.1,,,,,,,,,,,,,
835,1801.4,-3.6,,,,,,,,,,,,,
836,1798.7,-2.7,,,,,,,,,,,,,
837,1799.5,0.8,,,,,,,,,,,,,
838,1799.5,0,,,,,,,,,,,,,
839,1831.2,31.7,,,,,,,,,,,,,
840,1812.6,-18.6,,,,,,,,,,,,,
841,1818.1,5.5,,,,,,,,,,,,,
842,1810.1,-8,,,,,,,,,,,,,
843,1810.5,0.4,,,,,,,,,,,,,
844,1805.1,-5.4,,,,,,,,,,,,,
845,1760,-45.1,,,,,,,,,,,,,
846,1723.4,-36.6,,,,,,,,,,,,,
847,1728.8,5.4,,,,,,,,,,,,,
848,1750.4,21.6,,,,,,,,,,,,,
849,1749,-1.4,,,,,,,,,,,,,
850,1775.2,26.2,,,,,,,,,,,,,
851,1786.9,11.7,,,,,,,,,,,,,
852,1785,-1.9,,,,,,,,,,,,,
853,1781.6,-3.4,,,,,,,,,,,,,
854,1780.2,-1.4,,,,,,,,,,,,,
855,1781,0.8,,,,,,,,,,,,,
856,1803.2,22.2,,,,,,,,,,,,,
857,1805.6,2.4,,,,,,,,,,,,,
858,1788.2,-17.4,,,,,,,,,,,,,
859,1792.2,4,,,,,,,,,,,,,
860,1816.6,24.4,,,,,,,,,,,,,
861,1809,-7.6,,,,,,,,,,,,,
862,1815,6,,,,,,,,,,,,,
863,1813.1,-1.9,,,,,,,,,,,,,
864,1808.7,-4.4,,,,,,,,,,,,,
865,1830.9,22.2,,,,,,,,,,,,,
866,1795.9,-35,,,,,,,,,,,,,
867,1790.7,-5.2,,,,,,,,,,,,,
868,1797.4,6.7,,,,,,,,,,,,,
869,1789.6,-7.8,,,,,,,,,,,,,
870,1792,2.4,,,,,,,,,,,,,
871,1804.7,12.7,,,,,,,,,,,,,
872,1792.4,-12.3,,,,,,,,,,,,,
873,1754.6,-37.8,,,,,,,,,,,,,
874,1749.4,-5.2,,,,,,,,,,,,,
875,1761.8,12.4,,,,,,,,,,,,,
876,1776,14.2,,,,,,,,,,,,,
877,1776.7,0.7,,,,,,,,,,,,,
878,1747.7,-29,,,,,,,,,,,,,
879,1749.7,2,,,,,,,,,,,,,
880,1750,0.3,,,,,,,,,,,,,
881,1735.8,-14.2,,,,,,,,,,,,,
882,1721.5,-14.3,,,,,,,,,,,,,
883,1755.3,33.8,,,,,,,,,,,,,
884,1757,1.7,,,,,,,,,,,,,
885,1766.2,9.2,,,,,,,,,,,,,
886,1759.6,-6.6,,,,,,,,,,,,,
887,1760.5,0.9,,,,,,,,,,,,,
888,1757.9,-2.6,,,,,,,,,,,,,
889,1756.3,-1.6,,,,,,,,,,,,,
890,1754.6,-1.7,,,,,,,,,,,,,
891,1758.3,3.7,,,,,,,,,,,,,
892,1793.7,35.4,,,,,,,,,,,,,
893,1796.7,3,,,,,,,,,,,,,
894,1767.2,-29.5,,,,,,,,,,,,,
895,1764.8,-2.4,,,,,,,,,,,,,
896,1769.7,4.9,,,,,,,,,,,,,
897,1784.1,14.4,,,,,,,,,,,,,
898,1781.2,-2.9,,,,,,,,,,,,,
899,1795.5,14.3,,,,,,,,,,,,,
900,1806,10.5,,,,,,,,,,,,,
901,1792.7,-13.3,,,,,,,,,,,,,
902,1797.9,5.2,,,,,,,,,,,,,
903,1801.6,3.7,,,,,,,,,,,,,
904,1783,-18.6,,,,,,,,,,,,,
905,1795.1,12.1,,,,,,,,,,,,,
906,1788.7,-6.4,,,,,,,,,,,,,
907,1763.6,-25.1,,,,,,,,,,,,,
908,1793,29.4,,,,,,,,,,,,,
909,1816.4,23.4,,,,,,,,,,,,,
910,1827.4,11,,,,,,,,,,,,,
911,1830.2,2.8,,,,,,,,,,,,,
912,1847.6,17.4,,,,,,,,,,,,,
913,1863.2,15.6,,,,,,,,,,,,,
914,1867.9,4.7,,,,,,,,,,,,,
915,1866.1,-1.8,,,,,,,,,,,,,
916,1853.6,-12.5,,,,,,,,,,,,,
917,1869.7,16.1,,,,,,,,,,,,,
918,1861,-8.7,,,,,,,,,,,,,
919,1851.2,-9.8,,,,,,,,,,,,,
920,1806,-45.2,,,,,,,,,,,,,
921,1783.5,-22.5,,,,,,,,,,,,,
922,1784.1,0.6,,,,,,,,,,,,,
923,1785.3,1.2,,,,,,,,,,,,,
924,1782.3,-3,,,,,,,,,,,,,
925,1773.6,-8.7,,,,,,,,,,,,,
926,1781.6,8,,,,,,,,,,,,,
927,1760.7,-20.9,,,,,,,,,,,,,
928,1782,21.3,,,,,,,,,,,,,
929,1777.5,-4.5,,,,,,,,,,,,,
930,1782.6,5.1,,,,,,,,,,,,,
931,1783.4,0.8,,,,,,,,,,,,,
932,1774.6,-8.8,,,,,,,,,,,,,
933,1782.9,8.3,,,,,,,,,,,,,
934,1786.3,3.4,,,,,,,,,,,,,
935,1770.4,-15.9,,,,,,,,,,,,,
936,1762.6,-7.8,,,,,,,,,,,,,
937,1796.6,34,,,,,,,,,,,,,
938,1803.8,7.2,,,,,,,,,,,,,
939,1793.7,-10.1,,,,,,,,,,,,,
940,1787.9,-5.8,,,,,,,,,,,,,
941,1801.6,13.7,,,,,,,,,,,,,
942,1811.2,9.6,,,,,,,,,,,,,
943,1808.1,-3.1,,,,,,,,,,,,,
944,1810.2,2.1,,,,,,,,,,,,,
945,1805.1,-5.1,,,,,,,,,,,,,
946,1812.7,7.6,,,,,,,,,,,,,
947,1827.5,14.8,,,,,,,,,,,,,
948,1799.4,-28.1,,,,,,,,,,,,,
949,1814,14.6,,,,,,,,,,,,,
950,1824.6,10.6,,,,,,,,,,,,,
951,1788.7,-35.9,,,,,,,,,,,,,
952,1797,8.3,,,,,,,,,,,,,
953,1798.4,1.4,,,,,,,,,,,,,
954,1818.6,20.2,,,,,,,,,,,,,
955,1827.2,8.6,,,,,,,,,,,,,
956,1821.2,-6,,,,,,,,,,,,,
957,1816.5,-4.7,,,,,,,,,,,,,
958,1812.3,-4.2,,,,,,,,,,,,,
959,1843.1,30.8,,,,,,,,,,,,,
960,1842.5,-0.6,,,,,,,,,,,,,
961,1831.8,-10.7,,,,,,,,,,,,,
962,1841.7,9.9,,,,,,,,,,,,,
963,1852.7,11,,,,,,,,,,,,,
964,1829.9,-22.8,,,,,,,,,,,,,
965,1793.3,-36.6,,,,,,,,,,,,,
966,1784.9,-8.4,,,,,,,,,,,,,
967,1795,10.1,,,,,,,,,,,,,
968,1800.3,5.3,,,,,,,,,,,,,
969,1809.2,8.9,,,,,,,,,,,,,
970,1803,-6.2,,,,,,,,,,,,,
971,1806.6,3.6,,,,,,,,,,,,,
972,1820.6,14,,,,,,,,,,,,,
973,1826.6,6,,,,,,,,,,,,,
974,1835.2,8.6,,,,,,,,,,,,,
975,1836.2,1,,,,,,,,,,,,,
976,1840.8,4.6,,,,,,,,,,,,,
977,1868,27.2,,,,,,,,,,,,,
978,1854.8,-13.2,,,,,,,,,,,,,
979,1870.2,15.4,,,,,,,,,,,,,
980,1900.7,30.5,,,,,,,,,,,,,
981,1898.6,-2.1,,,,,,,,,,,,,
982,1906.1,7.5,,,,,,,,,,,,,
983,1909.2,3.1,,,,,,,,,,,,,
984,1925.1,15.9,,,,,,,,,,,,,
985,1886.5,-38.6,,,,,,,,,,,,,
986,1899.4,12.9,,,,,,,,,,,,,
987,1942.4,43,,,,,,,,,,,,,
988,1920.9,-21.5,,,,,,,,,,,,,
989,1934.4,13.5,,,,,,,,,,,,,
990,1965.1,30.7,,,,,,,,,,,,,
991,1993.9,28.8,,,,,,,,,,,,,
992,2040.1,46.2,,,,,,,,,,,,,
993,1985.9,-54.2,,,,,,,,,,,,,
994,1998.1,12.2,,,,,,,,,,,,,
995,1982.7,-15.4,,,,,,,,,,,,,
996,1959.6,-23.1,,,,,,,,,,,,,
997,1928.5,-31.1,,,,,,,,,,,,,
998,1908,-20.5,,,,,,,,,,,,,
999,1942.1,34.1,,,,,,,,,,,,,
1000,1928.2,-13.9,,,,,,,,,,,,,
1001,1928.6,0.4,,,,,,,,,,,,,
1002,1920.7,-7.9,,,,,,,,,,,,,
1003,1936.6,15.9,,,,,,,,,,,,,
1004,1961.6,25,,,,,,,,,,,,,
1005,1953.8,-7.8,,,,,,,,,,,,,
1006,1939.6,-14.2,,,,,,,,,,,,,
1007,1912,-27.6,,,,,,,,,,,,,
1008,1933.5,21.5,,,,,,,,,,,,,
1009,1949.2,15.7,,,,,,,,,,,,,
1010,1919.1,-30.1,,,,,,,,,,,,,
1011,1929.2,10.1,,,,,,,,,,,,,
1012,1922.9,-6.3,,,,,,,,,,,,,
1013,1918.4,-4.5,,,,,,,,,,,,,
1014,1933.8,15.4,,,,,,,,,,,,,
1015,1941.6,7.8,,,,,,,,,,,,,
1016,1944.3,2.7,,,,,,,,,,,,,
1017,1972.1,27.8,,,,,,,,,,,,,
1018,1981,8.9,,,,,,,,,,,,,
1019,1970.9,-10.1,,,,,,,,,,,,,
1020,1982.9,12,,,,,,,,,,,,,
1021,1955.7,-27.2,,,,,,,,,,,,,
1022,1952.3,-3.4,,,,,,,,,,,,,
1023,1944.9,-7.4,,,,,,,,,,,,,
1024,1931,-13.9,,,,,,,,,,,,,
1025,1893.2,-37.8,,,,,,,,,,,,,
1026,1901.4,8.2,,,,,,,,,,,,,
1027,1885.9,-15.5,,,,,,,,,,,,,
1028,1888.7,2.8,,,,,,,,,,,,,
1029,1909.3,20.6,,,,,,,,,,,,,
1030,1861.8,-47.5,,,,,,,,,,,,,
1031,1868.8,7,,,,,,,,,,,,,
1032,1867,-1.8,,,,,,,,,,,,,
1033,1874,7,,,,,,,,,,,,,
1034,1881.2,7.2,,,,,,,,,,,,,
1035,1857.1,-24.1,,,,,,,,,,,,,
1036,1839.9,-17.2,,,,,,,,,,,,,
1037,1852.6,12.7,,,,,,,,,,,,,
1038,1823.8,-28.8,,,,,,,,,,,,,
1039,1807.4,-16.4,,,,,,,,,,,,,
1040,1813.5,6.1,,,,,,,,,,,,,
1041,1818.2,4.7,,,,,,,,,,,,,
1042,1815.9,-2.3,,,,,,,,,,,,,
1043,1841.2,25.3,,,,,,,,,,,,,
1044,1841.8,0.6,,,,,,,,,,,,,
1045,1847.8,6,,,,,,,,,,,,,
1046,1865.1,17.3,,,,,,,,,,,,,
1047,1846.2,-18.9,,,,,,,,,,,,,
1048,1847.4,1.2,,,,,,,,,,,,,
1049,1851.3,3.9,,,,,,,,,,,,,
1050,1842.7,-8.6,,,,,,,,,,,,,
1051,1843.3,0.6,,,,,,,,,,,,,
1052,1866.5,23.2,,,,,,,,,,,,,
1053,1845.4,-21.1,,,,,,,,,,,,,
1054,1839.2,-6.2,,,,,,,,,,,,,
1055,1847.5,8.3,,,,,,,,,,,,,
1056,1851.9,4.4,,,,,,,,,,,,,
1057,1848.8,-3.1,,,,,,,,,,,,,
1058,1871.5,22.7,,,,,,,,,,,,,
1059,1828,-43.5,,,,,,,,,,,,,
1060,1809.5,-18.5,,,,,,,,,,,,,
1061,1815.3,5.8,,,,,,,,,,,,,
1062,1845.7,30.4,,,,,,,,,,,,,
1063,1835.6,-10.1,,,,,,,,,,,,,
1064,1834.6,-1,,,,,,,,,,,,,
1065,1834.3,-0.3,,,,,,,,,,,,,
1066,1825.7,-8.6,,,,,,,,,,,,,
1067,1826.5,0.8,,,,,,,,,,,,,
1068,1820.9,-5.6,,,,,,,,,,,,,
1069,1817.5,-3.4,,,,,,,,,,,,,
1070,1813.7,-3.8,,,,,,,,,,,,,
1071,1804.1,-9.6,,,,,,,,,,,,,
1072,1798.9,-5.2,,,,,,,,,,,,,
1073,1761.8,-37.1,,,,,,,,,,,,,
1074,1734.9,-26.9,,,,,,,,,,,,,
1075,1737.9,3,,,,,,,,,,,,,
1076,1740.6,2.7,,,,,,,,,,,,,
1077,1730,-10.6,,,,,,,,,,,,,
1078,1723.3,-6.7,,,,,,,,,,,,,
1079,1734.2,10.9,,,,,,,,,,,,,
1080,1704.5,-29.7,,,,,,,,,,,,,
1081,1702.4,-2.1,,,,,,,,,,,,,
1082,1709.2,6.8,,,,,,,,,,,,,
1083,1710,0.8,,,,,,,,,,,,,
1084,1699.5,-10.5,,,,,,,,,,,,,
1085,1712.7,13.2,,,,,,,,,,,,,
1086,1727.1,14.4,,,,,,,,,,,,,
1087,1719,-8.1,,,,,,,,,,,,,
1088,1717.7,-1.3,,,,,,,,,,,,,
1089,1719.1,1.4,,,,,,,,,,,,,
1090,1750.3,31.2,,,,,,,,,,,,,
1091,1762.9,12.6,,,,,,,,,,,,,
1092,1769,6.1,,,,,,,,,,,,,
1093,1771.1,2.1,,,,,,,,,,,,,
1094,1758,-13.1,,,,,,,,,,,,,
1095,1788.5,30.5,,,,,,,,,,,,,
1096,1772.9,-15.6,,,,,,,,,,,,,
1097,1786.8,13.9,,,,,,,,,,,,,
1098,1794,7.2,,,,,,,,,,,,,
1099,1795.6,1.6,,,,,,,,,,,,,
1100,1789.7,-5.9,,,,,,,,,,,,,
1101,1798.6,8.9,,,,,,,,,,,,,
1102,1781.4,-17.2,,,,,,,,,,,,,
1103,1773.2,-8.2,,,,,,,,,,,,,
1104,1760.3,-12.9,,,,,,,,,,,,,
1105,1755.3,-5,,,,,,,,,,,,,
1106,1747.6,-7.7,,,,,,,,,,,,,
1107,1734,-13.6,,,,,,,,,,,,,
1108,1746.8,12.8,,,,,,,,,,,,,
1109,1747.8,1,,,,,,,,,,,,,
1110,1757.7,9.9,,,,,,,,,,,,,
1111,1736.1,-21.6,,,,,,,,,,,,,
1112,1736.6,0.5,,,,,,,,,,,,,
1113,1723.2,-13.4,,,,,,,,,,,,,
1114,1712.8,-10.4,,,,,,,,,,,,,
1115,1696.6,-16.2,,,,,,,,,,,,,
1116,1709.8,13.2,,,,,,,,,,,,,
1117,1700.4,-9.4,,,,,,,,,,,,,
1118,1715.3,14.9,,,,,,,,,,,,,
1119,1708,-7.3,,,,,,,,,,,,,
1120,1716.2,8.2,,,,,,,,,,,,,
1121,1728.1,11.9,,,,,,,,,,,,,
1122,1705,-23.1,,,,,,,,,,,,,
1123,1696.5,-8.5,,,,,,,,,,,,,
1124,1665.4,-31.1,,,,,,,,,,,,,
1125,1671.7,6.3,,,,,,,,,,,,,
1126,1666.2,-5.5,,,,,,,,,,,,,
1127,1659.7,-6.5,,,,,,,,,,,,,
1128,1664.6,4.9,,,,,,,,,,,,,
1129,1670.8,6.2,,,,,,,,,,,,,
1130,1645.3,-25.5,,,,,,,,,,,,,
1131,1623.3,-22,,,,,,,,,,,,,
1132,1626.7,3.4,,,,,,,,,,,,,
1133,1660.4,33.7,,,,,,,,,,,,,
1134,1658.5,-1.9,,,,,,,,,,,,,
1135,1662.4,3.9,,,,,,,,,,,,,
1136,1692.9,30.5,,,,,,,,,,,,,
1137,1721.1,28.2,,,,,,,,,,,,,
1138,1711.4,-9.7,,,,,,,,,,,,,
1139,1711.7,0.3,,,,,,,,,,,,,
1140,1700.5,-11.2,,,,,,,,,,,,,
1141,1667.3,-33.2,,,,,,,,,,,,,
1142,1678.7,11.4,,,,,,,,,,,,,
1143,1670.3,-8.4,,,,,,,,,,,,,
1144,1670,-0.3,,,,,,,,,,,,,
1145,1641.7,-28.3,,,,,,,,,,,,,
1146,1657,15.3,,,,,,,,,,,,,
1147,1649,-8,,,,,,,,,,,,,
1148,1627.5,-21.5,,,,,,,,,,,,,
1149,1630.8,3.3,,,,,,,,,,,,,
1150,1651,20.2,,,,,,,,,,,,,
1151,1648.7,-2.3,,,,,,,,,,,,,
1152,1652.8,4.1,,,,,,,,,,,,,
1153,1664,11.2,,,,,,,,,,,,,
1154,1660.7,-3.3,,,,,,,,,,,,,
1155,1639.6,-21.1,,,,,,,,,,,,,
1156,1635.9,-3.7,,,,,,,,,,,,,
1157,1645,9.1,,,,,,,,,,,,,
1158,1645.7,0.7,,,,,,,,,,,,,
1159,1627.3,-18.4,,,,,,,,,,,,,
1160,1672.5,45.2,,,,,,,,,,,,,
1161,1676.5,4,,,,,,,,,,,,,
1162,1712.1,35.6,,,,,,,,,,,,,
1163,1710.1,-2,,,,,,,,,,,,,
1164,1750.3,40.2,,,,,,,,,,,,,
1165,1766,15.7,,,,,,,,,,,,,
1166,1773.6,7.6,,,,,,,,,,,,,
1167,1773.8,0.2,,,,,,,,,,,,,
1168,1773,-0.8,,,,,,,,,,,,,
1169,1760.8,-12.2,,,,,,,,,,,,,
1170,1751.9,-8.9,,,,,,,,,,,,,
1171,1737.4,-14.5,,,,,,,,,,,,,
1172,1738.3,0.9,,,,,,,,,,,,,
1173,1744.9,6.6,,,,,,,,,,,,,
1174,1753.3,8.4,,,,,,,,,,,,,
1175,1740.1,-13.2,,,,,,,,,,,,,
1176,1748.4,8.3,,,,,,,,,,,,,
1177,1746,-2.4,,,,,,,,,,,,,
1178,1801.1,55.1,,,,,,,,,,,,,
1179,1795.9,-5.2,,,,,,,,,,,,,
1180,1767.4,-28.5,,,,,,,,,,,,,
1181,1769.3,1.9,,,,,,,,,,,,,
1182,1785.5,16.2,,,,,,,,,,,,,
1183,1788.7,3.2,,,,,,,,,,,,,
1184,1798.1,9.4,,,,,,,,,,,,,
1185,1780.5,-17.6,,,,,,,,,,,,,
1186,1813.9,33.4,,,,,,,,,,,,,
1187,1807.5,-6.4,,,,,,,,,,,,,
1188,1777.2,-30.3,,,,,,,,,,,,,
1189,1790,12.8,,,,,,,,,,,,,
1190,1787.7,-2.3,,,,,,,,,,,,,
1191,1815.9,28.2,,,,,,,,,,,,,
1192,1815.9,0,,,,,,,,,,,,,
1193,1787,-28.9,,,,,,,,,,,,,
1194,1795.9,8.9,,,,,,,,,,,,,
1195,1814.8,18.9,,,,,,,,,,,,,
1196,1807.9,-6.9,,,,,,,,,,,,,
1197,1819.5,11.6,,,,,,,,,,,,,
1198,1819.7,0.2,,,,,,,,,,,,,
1199,1839.7,20,,,,,,,,,,,,,
1200,1852.8,13.1,,,,,,,,,,,,,
1201,1834.8,-18,,,,,,,,,,,,,
1202,1864.2,29.4,,,,,,,,,,,,,
1203,1872.7,8.5,,,,,,,,,,,,,
1204,1871.6,-1.1,,,,,,,,,,,,,
1205,1874.6,3,,,,,,,,,,,,,
1206,1895.5,20.9,,,,,,,,,,,,,
1207,1918.4,22.9,,,,,,,,,,,,,
1208,1907.2,-11.2,,,,,,,,,,,,,
1209,1904.4,-2.8,,,,,,,,,,,,,
1210,1922.1,17.7,,,,,,,,,,,,,
1211,1926.4,4.3,,,,,,,,,,,,,
1212,1927.1,0.7,,,,,,,,,,,,,
1213,1933.9,6.8,,,,,,,,,,,,,
1214,1941.2,7.3,,,,,,,,,,,,,
1215,1929.1,-12.1,,,,,,,,,,,,,
1216,1928.6,-0.5,,,,,,,,,,,,,
1217,1922.9,-5.7,,,,,,,,,,,,,
1218,1929.5,6.6,,,,,,,,,,,,,
1219,1927.8,-1.7,,,,,,,,,,,,,
1220,1916.3,-11.5,,,,,,,,,,,,,
1221,1862.9,-53.4,,,,,,,,,,,,,
1222,1866.2,3.3,,,,,,,,,,,,,
1223,1871.7,5.5,,,,,,,,,,,,,
1224,1877.4,5.7,,,,,,,,,,,,,
1225,1866.2,-11.2,,,,,,,,,,,,,
1226,1862.8,-3.4,,,,,,,,,,,,,
1227,1851.9,-10.9,,,,,,,,,,,,,
1228,1854,2.1,,,,,,,,,,,,,
1229,1834.2,-19.8,,,,,,,,,,,,,
1230,1842,7.8,,,,,,,,,,,,,
1231,1840.4,-1.6,,,,,,,,,,,,,
1232,1833,-7.4,,,,,,,,,,,,,
1233,1832,-1,,,,,,,,,,,,,
1234,1818,-14,,,,,,,,,,,,,
1235,1808.8,-9.2,,,,,,,,,,,,,
1236,1817,8.2,,,,,,,,,,,,,
1237,1828.9,11.9,,,,,,,,,,,,,
1238,1837.7,8.8,,,,,,,,,,,,,
1239,1833.5,-4.2,,,,,,,,,,,,,
1240,1847.7,14.2,,,,,,,,,,,,,
1241,1847.9,0.2,,,,,,,,,,,,,
1242,1813.9,-34,,,,,,,,,,,,,
1243,1812.7,-1.2,,,,,,,,,,,,,
1244,1829.3,16.6,,,,,,,,,,,,,
1245,1862,32.7,,,,,,,,,,,,,
1246,1911.7,49.7,,,,,,,,,,,,,
1247,1906.2,-5.5,,,,,,,,,,,,,
1248,1926.6,20.4,,,,,,,,,,,,,
1249,1919,-7.6,,,,,,,,,,,,,
1250,1969.8,50.8,,,,,,,,,,,,,
1251,1979.2,9.4,,,,,,,,,,,,,
1252,1938,-41.2,,,,,,,,,,,,,
1253,1946.8,8.8,,,,,,,,,,,,,
1254,1993.8,47,,,,,,,,,,,,,
1255,1982.1,-11.7,,,,,,,,,,,,,
1256,1952.4,-29.7,,,,,,,,,,,,,
1257,1972.4,20,,,,,,,,,,,,,
1258,1966.1,-6.3,,,,,,,,,,,,,
1259,1980.3,14.2,,,,,,,,,,,,,
1260,1969,-11.3,,,,,,,,,,,,,
1261,1983.9,14.9,,,,,,,,,,,,,
1262,2022.2,38.3,,,,,,,,,,,,,
1263,2020.9,-1.3,,,,,,,,,,,,,
1264,2011.9,-9,,,,,,,,,,,,,
1265,1989.1,-22.8,,,,,,,,,,,,,
1266,2004.8,15.7,,,,,,,,,,,,,
1267,2010.9,6.1,,,,,,,,,,,,,
1268,2041.3,30.4,,,,,,,,,,,,,
1269,2002.2,-39.1,,,,,,,,,,,,,
1270,1994.2,-8,,,,,,,,,,,,,
1271,2007.4,13.2,,,,,,,,,,,,,
1272,1995.2,-12.2,,,,,,,,,,,,,
1273,2007.6,12.4,,,,,,,,,,,,,
1274,1979.5,-28.1,,,,,,,,,,,,,
1275,1989.1,9.6,,,,,,,,,,,,,
1276,1994,4.9,,,,,,,,,,,,,
1277,1985.7,-8.3,,,,,,,,,,,,,
1278,1989.9,4.2,,,,,,,,,,,,,
1279,1990.1,0.2,,,,,,,,,,,,,
1280,1983.4,-6.7,,,,,,,,,,,,,
1281,2014.3,30.9,,,,,,,,,,,,,
1282,2028.6,14.3,,,,,,,,,,,,,
1283,2048,19.4,,,,,,,,,,,,,
1284,2017.4,-30.6,,,,,,,,,,,,,
1285,2026.3,8.9,,,,,,,,,,,,,
1286,2036.2,9.9,,,,,,,,,,,,,
1287,2030.5,-5.7,,,,,,,,,,,,,
1288,2014.7,-15.8,,,,,,,,,,,,,
1289,2014.5,-0.2,,,,,,,,,,,,,
1290,2018,3.5,,,,,,,,,,,,,
1291,1988.4,-29.6,,,,,,,,,,,,,
1292,1980.7,-7.7,,,,,,,,,,,,,
1293,1956.5,-24.2,,,,,,,,,,,,,
1294,1978.7,22.2,,,,,,,,,,,,,
1295,1974.8,-3.9,,,,,,,,,,,,,
1296,1972.4,-2.4,,,,,,,,,,,,,
1297,1962.8,-9.6,,,,,,,,,,,,,
1298,1943.1,-19.7,,,,,,,,,,,,,
1299,1944.1,1,,,,,,,,,,,,,
1300,1958,13.9,,,,,,,,,,,,,
1301,1963.9,5.9,,,,,,,,,,,,,
1302,1978,14.1,,,,,,,,,,,,,
1303,1952.4,-25.6,,,,,,,,,,,,,
1304,1958,5.6,,,,,,,,,,,,,
1305,1965.5,7.5,,,,,,,,,,,,,
1306,1942.7,-22.8,,,,,,,,,,,,,
1307,1963.6,20.9,,,,,,,,,,,,,
1308,1962.2,-1.4,,,,,,,,,,,,,
1309,1955.3,-6.9,,,,,,,,,,,,,
1310,1944.6,-10.7,,,,,,,,,,,,,
1311,1955.3,10.7,,,,,,,,,,,,,
1312,1957.8,2.5,,,,,,,,,,,,,
1313,1958.4,0.6,,,,,,,,,,,,,
1314,1935.5,-22.9,,,,,,,,,,,,,
1315,1933.3,-2.2,,,,,,,,,,,,,
1316,1912.7,-20.6,,,,,,,,,,,,,
1317,1919.1,6.4,,,,,,,,,,,,,
1318,1923.7,4.6,,,,,,,,,,,,,
1319,1914,-9.7,,,,,,,,,,,,,
1320,1912.3,-1.7,,,,,,,,,,,,,
1321,1909.2,-3.1,,,,,,,,,,,,,
1322,1921.1,11.9,,,,,,,,,,,,,
1323,1921.7,0.6,,,,,,,,,,,,,
1324,1919.6,-2.1,,,,,,,,,,,,,
1325,1908.7,-10.9,,,,,,,,,,,,,
1326,1926.2,17.5,,,,,,,,,,,,,
1327,1925,-1.2,,,,,,,,,,,,,
1328,1931.3,6.3,,,,,,,,,,,,,
1329,1956.2,24.9,,,,,,,,,,,,,
1330,1959.2,3,,,,,,,,,,,,,
1331,1960.1,0.9,,,,,,,,,,,,,
1332,1952.4,-7.7,,,,,,,,,,,,,
1333,1977.2,24.8,,,,,,,,,,,,,
1334,1977.5,0.3,,,,,,,,,,,,,
1335,1968.3,-9.2,,,,,,,,,,,,,
1336,1964.3,-4,,,,,,,,,,,,,
1337,1960.3,-4,,,,,,,,,,,,,
1338,1962.1,1.8,,,,,,,,,,,,,
1339,1968.9,6.8,,,,,,,,,,,,,
1340,1945.4,-23.5,,,,,,,,,,,,,
1341,1960.4,15,,,,,,,,,,,,,
1342,1970.5,10.1,,,,,,,,,,,,,
1343,1940.7,-29.8,,,,,,,,,,,,,
1344,1937.4,-3.3,,,,,,,,,,,,,
1345,1932,-5.4,,,,,,,,,,,,,
1346,1939.6,7.6,,,,,,,,,,,,,
1347,1933.5,-6.1,,,,,,,,,,,,,
1348,1924.1,-9.4,,,,,,,,,,,,,
1349,1915.4,-8.7,,,,,,,,,,,,,
1350,1914.4,-1,,,,,,,,,,,,,
1351,1912.9,-1.5,,,,,,,,,,,,,
1352,1910.6,-2.3,,,,,,,,,,,,,
1353,1902.5,-8.1,,,,,,,,,,,,,
1354,1896.1,-6.4,,,,,,,,,,,,,
1355,1884.1,-12,,,,,,,,,,,,,
1356,1886.1,2,,,,,,,,,,,,,
1357,1893.3,7.2,,,,,,,,,,,,,
1358,1896.4,3.1,,,,,,,,,,,,,
1359,1918.5,22.1,,,,,,,,,,,,,
1360,1918.2,-0.3,,,,,,,,,,,,,
1361,1911.1,-7.1,,,,,,,,,,,,,
1362,1917.9,6.8,,,,,,,,,,,,,
1363,1936.5,18.6,,,,,,,,,,,,,
1364,1944.3,7.8,,,,,,,,,,,,,
